{"OutputFileHashSum":"745D1679978854FD65E02A014DC9B54E2D1FCC8FB495F5E2865E0F02181AF9C7","Converted":true,"OutputModifyDate":"2023-11-08T11:39:39.9332649Z","Metadatas":[{"CategoryName":"VuGen.Replay","Offset":550,"Length":23,"TypeId":1},{"CategoryName":"VuGen.Replay","Offset":676,"Length":50,"TypeId":2},{"CategoryName":"VuGen.Replay","Offset":3127,"Length":109,"TypeId":2},{"CategoryName":"VuGen.Replay","Offset":3236,"Length":52,"TypeId":2},{"CategoryName":"VuGen.Replay","Offset":4573,"Length":111,"TypeId":2},{"CategoryName":"VuGen.Replay","Offset":4684,"Length":60,"TypeId":2},{"CategoryName":"VuGen.Replay","Offset":6019,"Length":118,"TypeId":2},{"CategoryName":"VuGen.Replay","Offset":6137,"Length":52,"TypeId":2},{"CategoryName":"VuGen.Replay","Offset":7007,"Length":110,"TypeId":2},{"CategoryName":"VuGen.Replay","Offset":7272,"Length":52,"TypeId":2},{"CategoryName":"VuGen.Replay","Offset":7816,"Length":110,"TypeId":2},{"CategoryName":"VuGen.Replay","Offset":7926,"Length":51,"TypeId":2},{"CategoryName":"VuGen.Replay","Offset":9944,"Length":109,"TypeId":2},{"CategoryName":"VuGen.Replay","Offset":10053,"Length":52,"TypeId":2},{"CategoryName":"VuGen.Replay","Offset":11467,"Length":110,"TypeId":2},{"CategoryName":"VuGen.Replay","Offset":11577,"Length":52,"TypeId":2},{"CategoryName":"VuGen.Replay","Offset":12681,"Length":110,"TypeId":2},{"CategoryName":"VuGen.Replay","Offset":12814,"Length":21,"TypeId":1}],"MetadataTypes":[{"CategoryName":"VuGen.Replay","MetadataTypeName":"HP.LR.Vugen.Iteration","Id":1},{"CategoryName":"VuGen.Replay","MetadataTypeName":"HP.LR.Vugen.NotifyTransaction","Id":2},{"CategoryName":"VuGen.Replay","MetadataTypeName":"Utt.Debugger.Error","Id":3},{"CategoryName":"VuGen.Replay","MetadataTypeName":"HP.LR.Vugen.NotifyAny","Id":4},{"CategoryName":"VuGen.Replay","MetadataTypeName":"Utt.Debugger.Warning","Id":5}]}