<?xml version="1.0" encoding="utf-8"?>
<VugenScriptMetadata>
  <ScriptName>BuyTicket</ScriptName>
  <Protocol>Web - HTTP/HTML</Protocol>
  <ActionFiles>
    <FileEntry Name="vuser_init.c" Filter="2" />
    <FileEntry Name="Action.c" Filter="2" />
    <FileEntry Name="vuser_end.c" Filter="2" />
  </ActionFiles>
  <GeneralFiles>
    <FileEntry Name="BuyTicket.usr" Filter="4" />
    <FileEntry Name="default.cfg" Filter="4" />
    <FileEntry Name="default.usp" Filter="4" />
    <FileEntry Name="BuyTicket.prm" Filter="2" />
    <FileEntry Name="globals.h" Filter="2" />
    <FileEntry Name="combined_BuyTicket.c" Filter="2" />
    <FileEntry Name="pre_cci.c" Filter="2" />
    <FileEntry Name="179355253440.idx" Filter="1" />
    <FileEntry Name="182547641440.idx" Filter="1" />
    <FileEntry Name="193330752440.idx" Filter="1" />
    <FileEntry Name="222466880440.idx" Filter="1" />
    <FileEntry Name="222911660440.idx" Filter="1" />
    <FileEntry Name="225858380440.idx" Filter="1" />
    <FileEntry Name="241036180440.idx" Filter="1" />
    <FileEntry Name="241393007440.idx" Filter="1" />
    <FileEntry Name="260955654440.idx" Filter="1" />
    <FileEntry Name="34497968440.idx" Filter="1" />
    <FileEntry Name="58779801440.idx" Filter="1" />
    <FileEntry Name="address1.dat" Filter="1" />
    <FileEntry Name="address2.dat" Filter="1" />
    <FileEntry Name="arrive.dat" Filter="1" />
    <FileEntry Name="Bookmarks.xml" Filter="1" />
    <FileEntry Name="Breakpoints.xml" Filter="1" />
    <FileEntry Name="BuyTicket.c.pickle" Filter="1" />
    <FileEntry Name="BuyTicket.ci" Filter="1" />
    <FileEntry Name="BuyTicket.prm.bak" Filter="1" />
    <FileEntry Name="CompilerLogMetadata.xml" Filter="1" />
    <FileEntry Name="creditCard.dat" Filter="1" />
    <FileEntry Name="custom_body_variables.txt" Filter="1" />
    <FileEntry Name="depart.dat" Filter="1" />
    <FileEntry Name="expDate.dat" Filter="1" />
    <FileEntry Name="logfile.log" Filter="1" />
    <FileEntry Name="login.dat" Filter="1" />
    <FileEntry Name="lrw_custom_body.h" Filter="1" />
    <FileEntry Name="mdrv.log" Filter="1" />
    <FileEntry Name="mdrv_cmd.txt" Filter="1" />
    <FileEntry Name="options.txt" Filter="1" />
    <FileEntry Name="output.bak" Filter="1" />
    <FileEntry Name="output.txt" Filter="1" />
    <FileEntry Name="OutputColoringDatabase.json" Filter="1" />
    <FileEntry Name="pass1.dat" Filter="1" />
    <FileEntry Name="password.dat" Filter="1" />
    <FileEntry Name="ReplaySummaryReport.xml" Filter="1" />
    <FileEntry Name="ScriptUploadMetadata.xml" Filter="1" />
    <FileEntry Name="seatPref.dat" Filter="1" />
    <FileEntry Name="seatType.dat" Filter="1" />
    <FileEntry Name="ThumbnailsCache.tmp" Filter="1" />
    <FileEntry Name="time.dat" Filter="1" />
    <FileEntry Name="time2.dat" Filter="1" />
    <FileEntry Name="UserTasks.xml" Filter="1" />
    <FileEntry Name="data\" Filter="1" />
    <FileEntry Name="result1\" Filter="1" />
  </GeneralFiles>
</VugenScriptMetadata>