[
    {
        "actionName": "Action",
        "steps": [
            {
                "stepId": "STEP1",
                "stepName": "Custom Request: welcome.pl",
                "infFile": "t1.inf",
                "time": 1698847721240
            },
            {
                "stepId": "STEP2",
                "stepName": "Custom Request: nav.pl",
                "infFile": "t2.inf",
                "time": 1698847721458
            },
            {
                "stepId": "STEP3",
                "stepName": "Custom Request: WebTours",
                "infFile": "t3.inf",
                "time": 1698847721592
            },
            {
                "stepId": "STEP4",
                "stepName": "Custom Request: welcome.pl_2",
                "infFile": "t4.inf",
                "time": 1698847721769
            },
            {
                "stepId": "STEP5",
                "stepName": "Custom Request: nav.pl_2",
                "infFile": "t6.inf",
                "time": 1698847721958
            },
            {
                "stepId": "STEP6",
                "stepName": "Custom Request: login.pl",
                "infFile": "t7.inf",
                "time": 1698847722200
            },
            {
                "stepId": "STEP7",
                "stepName": "Custom Request: login.pl_2",
                "infFile": "t8.inf",
                "time": 1698847722337
            },
            {
                "stepId": "STEP8",
                "stepName": "Custom Request: nav.pl_3",
                "infFile": "t9.inf",
                "time": 1698847722466
            },
            {
                "stepId": "STEP9",
                "stepName": "Custom Request: Search Flights Button",
                "infFile": "t10.inf",
                "time": 1698847722637
            },
            {
                "stepId": "STEP10",
                "stepName": "Custom Request: nav.pl_4",
                "infFile": "t11.inf",
                "time": 1698847722790
            },
            {
                "stepId": "STEP11",
                "stepName": "Custom Request: reservations.pl",
                "infFile": "t12.inf",
                "time": 1698847723122
            },
            {
                "stepId": "STEP12",
                "stepName": "Custom Request: reservations.pl_2",
                "infFile": "t13.inf",
                "time": 1698847723360
            },
            {
                "stepId": "STEP13",
                "stepName": "Custom Request: reservations.pl_3",
                "infFile": "t14.inf",
                "time": 1698847723548
            },
            {
                "stepId": "STEP14",
                "stepName": "Custom Request: reservations.pl_4",
                "infFile": "t15.inf",
                "time": 1698847723719
            },
            {
                "stepId": "STEP15",
                "stepName": "Custom Request: SignOff Button",
                "infFile": "t16.inf",
                "time": 1698847723897
            },
            {
                "stepId": "STEP16",
                "stepName": "Custom Request: nav.pl_5",
                "infFile": "t17.inf",
                "time": 1698847724039
            }
        ],
        "transactions": [
            {
                "transactionName": "Home",
                "rawStartTime": 1698847721465,
                "rawEndTime": 1698847721973,
                "thinkTime": 0.0,
                "wastedTime": 0.08393359184265137
            },
            {
                "transactionName": "Login",
                "rawStartTime": 1698847721989,
                "rawEndTime": 1698847722487,
                "thinkTime": 0.0,
                "wastedTime": 0.0192110538482666
            },
            {
                "transactionName": "Flights",
                "rawStartTime": 1698847722515,
                "rawEndTime": 1698847723135,
                "thinkTime": 0.0,
                "wastedTime": 0.030984163284301759
            },
            {
                "transactionName": "FindFlights",
                "rawStartTime": 1698847723151,
                "rawEndTime": 1698847723375,
                "thinkTime": 0.0,
                "wastedTime": 0.008635282516479493
            },
            {
                "transactionName": "TimeTicket",
                "rawStartTime": 1698847723407,
                "rawEndTime": 1698847723551,
                "thinkTime": 0.0,
                "wastedTime": 0.005828380584716797
            },
            {
                "transactionName": "InfoPass",
                "rawStartTime": 1698847723582,
                "rawEndTime": 1698847723725,
                "thinkTime": 0.0,
                "wastedTime": 0.0056841373443603519
            },
            {
                "transactionName": "Exit",
                "rawStartTime": 1698847723743,
                "rawEndTime": 1698847724045,
                "thinkTime": 0.0,
                "wastedTime": 0.019783496856689454
            }
        ]
    }
]