﻿<?xml version="1.0"?>
<!DOCTYPE Report
[
<!ELEMENT Report (General ,(Doc|BPT)) >
<!ATTLIST Report ver CDATA #REQUIRED tmZone CDATA #REQUIRED>

<!ELEMENT General ( DocLocation ) >
<!ATTLIST General productName CDATA #REQUIRED productVer CDATA #REQUIRED os CDATA #REQUIRED host CDATA #REQUIRED qcserver CDATA #IMPLIED qcproject CDATA #IMPLIED SolManSolutionId CDATA #IMPLIED SolManProjectId CDATA #IMPLIED SolManTestPlanId CDATA #IMPLIED SolManTestPackageId CDATA #IMPLIED SolManUserInfoData CDATA #IMPLIED  >

<!ELEMENT BPT (DName,Res,DVer?,TSet?,TInst?,NodeArgs,AdditionalInfo*,Doc*) >
<!ATTLIST BPT rID ID #REQUIRED >

<!ELEMENT Doc (DName,ConfName?,Res,DVer?,TSet?,TInst?,RunType?,DT?,AdditionalInfo*,Step*,DIter*,Step*,Action*,Doc*,Summary?,TestMaintenanceSummary*,NodeArgs?) >
<!ATTLIST Doc rID ID #REQUIRED type (Test|BC|BPTWrapperTest|Flow|Group|Action) "Test" productName CDATA #REQUIRED BCIter CDATA #IMPLIED >

<!ELEMENT RunType ( #PCDATA )>
<!ATTLIST RunType fmStep (False|True) "False" batch (False|True) "False" upDesc (False|True) "False" upChk (False|True) "False" upAS (False|True) "False">

<!ELEMENT DName ( #PCDATA ) >

<!ELEMENT ConfName ( #PCDATA ) >

<!ELEMENT Res ( #PCDATA ) >

<!ELEMENT AdditionalInfo (AdditionalDataName,AdditionalDataValue ) >

<!ELEMENT AdditionalDataName ( #PCDATA ) >

<!ELEMENT AdditionalDataValue ( #PCDATA ) >

<!ELEMENT DVer ( #PCDATA ) >

<!ELEMENT TSet ( #PCDATA ) >

<!ELEMENT TInst ( #PCDATA ) >

<!ELEMENT DIter (Step*,Action+,Summary?,NodeArgs)>
<!ATTLIST DIter rID ID #REQUIRED iterID CDATA #REQUIRED>

<!ELEMENT DocLocation ( #PCDATA )>

<!ELEMENT Action (AName,AIter*,(Step|HtmlStep|Action)*, Summary,ActionMaintenanceSummary*, NodeArgs ) >
<!ATTLIST Action rID ID #REQUIRED>

<!ELEMENT AIter ((Step|HtmlStep|Action)*,DataMapping?, Summary?,NodeArgs) >
<!ATTLIST AIter rID ID #REQUIRED iterID CDATA #REQUIRED isCountable (False|True) "False" >

<!ELEMENT AName ( #PCDATA ) >

<!ELEMENT TestMaintenanceSummary (ActionMaintenanceSummary*) >
<!ATTLIST TestMaintenanceSummary ObjectsAdded CDATA #REQUIRED ObjectsUpdated CDATA #REQUIRED StepsUpdated CDATA #REQUIRED StepsComments CDATA #REQUIRED><!ELEMENT ActionMaintenanceSummary (ObjectChange* ) >
<!ATTLIST ActionMaintenanceSummary Action CDATA #REQUIRED Objects CDATA #REQUIRED Updated CDATA #REQUIRED LinesTotal CDATA #REQUIRED Added CDATA #REQUIRED LinesUpdated CDATA #REQUIRED>

<!ELEMENT ObjectChange  (Hierarchy, PropertyChangeList* ) >
<!ATTLIST ObjectChange Operation CDATA #IMPLIED OriginalRepository CDATA #IMPLIED>

<!ELEMENT PropertyChangeList (PropertyDef*) >

<!ELEMENT PropertyDef (OriginalValue, NewValue) >
<!ATTLIST PropertyDef PropName CDATA #REQUIRED OriginRegularExpression (True|False) "False" NewRegularExpression (True|False) "False" AddedProperty (True|False) "False" >

<!ELEMENT OriginalValue ( #PCDATA )>

<!ELEMENT NewValue ( #PCDATA )>

<!ELEMENT Hierarchy  (ObjectName, Hierarchy*) >
<!ATTLIST Hierarchy MicClass CDATA #REQUIRED>

<!ELEMENT ObjectName  ( #PCDATA ) >

<!ELEMENT Step (Obj,Details,Time,TimeTick* ,(Step|HtmlStep|Doc)*, DataMapping?, NodeArgs) >
<!ATTLIST Step rID ID #REQUIRED retval CDATA #IMPLIED>

<!ELEMENT HtmlStep (HTML,TimeTick*,(Step|HtmlStep|Doc)*,NodeArgs) >
<!ATTLIST HtmlStep rID ID #REQUIRED >

<!ELEMENT Obj ( #PCDATA ) >
<!ATTLIST Obj plainTxt (False|True) "True">

<!ELEMENT Details ( #PCDATA ) >
<!ATTLIST Details plainTxt (False|True) "True">

<!ELEMENT Time ( #PCDATA ) >

<!ELEMENT HTML ( #PCDATA ) >

<!ELEMENT Disp ( #PCDATA ) >

<!ELEMENT TimeTick ( #PCDATA ) >

<!ELEMENT DataMapping ( DataMappedItem* )>
<!ELEMENT DataMappedItem EMPTY >
<!ATTLIST DataMappedItem dsName CDATA #REQUIRED >
<!ATTLIST DataMappedItem rowId CDATA #REQUIRED >

<!ELEMENT NodeArgs (Disp,TopPane?,BtmPane?,ExtendedInfo? )>
<!ATTLIST NodeArgs eType CDATA #REQUIRED icon CDATA #REQUIRED nRep CDATA #REQUIRED UserNote CDATA #IMPLIED filter (False|True) "True">
<!ATTLIST NodeArgs status (Passed|Failed|Done|Warning|Information) "Done">
<!ATTLIST NodeArgs iconSel CDATA #IMPLIED nType CDATA #IMPLIED MovieMarker CDATA "">
<!ATTLIST NodeArgs Source CDATA #IMPLIED SourceLine CDATA #IMPLIED StepFlowItemKey CDATA #IMPLIED >

<!ELEMENT TopPane (Path)>

<!ELEMENT BtmPane ( (Path|WR)?,ASHilite?)>
<!ATTLIST BtmPane vType CDATA "HTML">

<!ELEMENT Path ( #PCDATA ) >

<!ELEMENT ASHilite ( #PCDATA ) >

<!ELEMENT WR ( #PCDATA ) >

<!ELEMENT ExtendedInfo ( StepData ) >

<!ATTLIST ExtendedInfo StepType CDATA #REQUIRED>
<!ELEMENT DT (NodeArgs) >
<!ATTLIST DT rID ID #REQUIRED>

<!ELEMENT Summary (Param*)>
<!ATTLIST Summary sTime CDATA #IMPLIED eTime CDATA #IMPLIED passed CDATA #IMPLIED failed CDATA #IMPLIED warnings CDATA #IMPLIED retval CDATA #IMPLIED stopped (False|True) "False" >

<!ELEMENT Param (ParamName,ParamVal)+ >
<!ATTLIST Param paramInOut (In|Out) "In">

<!ELEMENT ParamName ( #PCDATA ) >

<!ELEMENT ParamVal ( #PCDATA ) >

]
>
<Report ver="2.0" tmZone="RTZ 2 (зима)">
<General productName="Vugen" productVer="2021" os="" host="VERA"><DocLocation><![CDATA[C:\Users\kotov\OneDrive\Документы\VuGen\Scripts\UC_2]]></DocLocation></General>
<Doc rID="T1"   productName= "Vugen"  >
<DName><![CDATA[UC_2]]></DName>
<Res><![CDATA[result1]]></Res>
<Action rID="T2">
<AName><![CDATA[vuser_init]]></AName>
<Summary sTime="01.11.2023 - 17:08:30" eTime="01.11.2023 - 17:08:30" passed="0" failed="0" warnings="0" ></Summary>
<NodeArgs eType="StartAction" icon="2" nRep="5" >
<Disp><![CDATA[vuser_init Summary]]></Disp>
</NodeArgs>
</Action>
<DIter rID="T3" iterID="1" >
<Action rID="T4">
<AName><![CDATA[Action]]></AName>
<Step rID="T5">
<Obj plainTxt="False" ><![CDATA[Service: Set Sockets Option]]></Obj>
<Details plainTxt="False" ><![CDATA[<CENTER>Set socket option <STRONG><FONT COLOR=#00AF00>SSL_VERSION</FONT></STRONG> with value <STRONG><FONT COLOR=#00AF00>AUTO</FONT></STRONG></CENTER>]]></Details>
<Time><![CDATA[01.11.2023 - 17:08:30]]></Time>
<TimeTick>1698847710</TimeTick>
<NodeArgs eType="General" icon="4" nRep="9" >
<Disp><![CDATA[Service: Set Sockets Option]]></Disp>
</NodeArgs>
</Step>
<Step rID="T6">
<Obj plainTxt="False" ><![CDATA[Service: Add Cookie]]></Obj>
<Details plainTxt="False" ><![CDATA[<CENTER>Add the following cookie: <STRONG><FONT COLOR=#00AF00>grafana_session=014feb5b0cb81aed7c29ec0cdb2c04c4; DOMAIN=localhost</FONT></STRONG></CENTER>]]></Details>
<Time><![CDATA[01.11.2023 - 17:08:30]]></Time>
<TimeTick>1698847710</TimeTick>
<NodeArgs eType="General" icon="5" nRep="10" >
<Disp><![CDATA[Service: Add Cookie]]></Disp>
</NodeArgs>
</Step>
<Step rID="T7">
<Obj plainTxt="False" ><![CDATA[Service: Add Auto Header]]></Obj>
<Details plainTxt="False" ><![CDATA[<CENTER>Add the following header to all subsequent HTTP requests :<BR><STRONG><FONT COLOR=#00AF00>Sec-Fetch-Dest: frame</FONT></STRONG></CENTER>]]></Details>
<Time><![CDATA[01.11.2023 - 17:08:30]]></Time>
<TimeTick>1698847710</TimeTick>
<NodeArgs eType="General" icon="6" nRep="11" >
<Disp><![CDATA[Service: Add Auto Header]]></Disp>
</NodeArgs>
</Step>
<Step rID="T8">
<Obj plainTxt="False" ><![CDATA[Service: Add Auto Header]]></Obj>
<Details plainTxt="False" ><![CDATA[<CENTER>Add the following header to all subsequent HTTP requests :<BR><STRONG><FONT COLOR=#00AF00>Sec-Fetch-Mode: navigate</FONT></STRONG></CENTER>]]></Details>
<Time><![CDATA[01.11.2023 - 17:08:30]]></Time>
<TimeTick>1698847710</TimeTick>
<NodeArgs eType="General" icon="6" nRep="12" >
<Disp><![CDATA[Service: Add Auto Header]]></Disp>
</NodeArgs>
</Step>
<Step rID="T9">
<Obj plainTxt="False" ><![CDATA[Service: Add Auto Header]]></Obj>
<Details plainTxt="False" ><![CDATA[<CENTER>Add the following header to all subsequent HTTP requests :<BR><STRONG><FONT COLOR=#00AF00>Sec-Fetch-Site: same-origin</FONT></STRONG></CENTER>]]></Details>
<Time><![CDATA[01.11.2023 - 17:08:30]]></Time>
<TimeTick>1698847710</TimeTick>
<NodeArgs eType="General" icon="6" nRep="13" >
<Disp><![CDATA[Service: Add Auto Header]]></Disp>
</NodeArgs>
</Step>
<Step rID="T10">
<Obj plainTxt="False" ><![CDATA[Service: Add Auto Header]]></Obj>
<Details plainTxt="False" ><![CDATA[<CENTER>Add the following header to all subsequent HTTP requests :<BR><STRONG><FONT COLOR=#00AF00>Upgrade-Insecure-Requests: 1</FONT></STRONG></CENTER>]]></Details>
<Time><![CDATA[01.11.2023 - 17:08:31]]></Time>
<TimeTick>1698847711</TimeTick>
<NodeArgs eType="General" icon="6" nRep="14" >
<Disp><![CDATA[Service: Add Auto Header]]></Disp>
</NodeArgs>
</Step>
<Step rID="T11">
<Obj plainTxt="False" ><![CDATA[Service: Add Auto Header]]></Obj>
<Details plainTxt="False" ><![CDATA[<CENTER>Add the following header to all subsequent HTTP requests :<BR><STRONG><FONT COLOR=#00AF00>sec-ch-ua: "Chromium";v="118", "Google Chrome";v="118", "Not=A?Brand";v="99"</FONT></STRONG></CENTER>]]></Details>
<Time><![CDATA[01.11.2023 - 17:08:31]]></Time>
<TimeTick>1698847711</TimeTick>
<NodeArgs eType="General" icon="6" nRep="15" >
<Disp><![CDATA[Service: Add Auto Header]]></Disp>
</NodeArgs>
</Step>
<Step rID="T12">
<Obj plainTxt="False" ><![CDATA[Service: Add Auto Header]]></Obj>
<Details plainTxt="False" ><![CDATA[<CENTER>Add the following header to all subsequent HTTP requests :<BR><STRONG><FONT COLOR=#00AF00>sec-ch-ua-mobile: ?0</FONT></STRONG></CENTER>]]></Details>
<Time><![CDATA[01.11.2023 - 17:08:31]]></Time>
<TimeTick>1698847711</TimeTick>
<NodeArgs eType="General" icon="6" nRep="16" >
<Disp><![CDATA[Service: Add Auto Header]]></Disp>
</NodeArgs>
</Step>
<Step rID="T13">
<Obj plainTxt="False" ><![CDATA[Service: Add Auto Header]]></Obj>
<Details plainTxt="False" ><![CDATA[<CENTER>Add the following header to all subsequent HTTP requests :<BR><STRONG><FONT COLOR=#00AF00>sec-ch-ua-platform: "Windows"</FONT></STRONG></CENTER>]]></Details>
<Time><![CDATA[01.11.2023 - 17:08:31]]></Time>
<TimeTick>1698847711</TimeTick>
<NodeArgs eType="General" icon="6" nRep="17" >
<Disp><![CDATA[Service: Add Auto Header]]></Disp>
</NodeArgs>
</Step>
<Step rID="T14">
<Obj plainTxt="False" ><![CDATA[Service: Reg Find]]></Obj>
<Details plainTxt="False" ><![CDATA[<CENTER><STRONG><FONT COLOR=#00AF00>Text=A Session ID has been created and loaded into a cookie called MSO.</FONT></STRONG></CENTER>]]></Details>
<Time><![CDATA[01.11.2023 - 17:08:31]]></Time>
<TimeTick>1698847711</TimeTick>
<NodeArgs eType="General" icon="7" nRep="18" >
<Disp><![CDATA[Service: Reg Find]]></Disp>
</NodeArgs>
</Step>
<Step rID="T15">
<Obj plainTxt="False" ><![CDATA[Custom Request: welcome.pl]]></Obj>
<Details plainTxt="False" ><![CDATA[<CENTER><STRONG><FONT COLOR=#009A63>Step completed successfully</FONT></STRONG></CENTER>]]></Details>
<Time><![CDATA[01.11.2023 - 17:08:41]]></Time>
<TimeTick>1698847721</TimeTick>
<NodeArgs eType="General" icon="8" nRep="19" status="Passed" >
<Disp><![CDATA[Custom Request: welcome.pl]]></Disp>
<BtmPane vType="HTMLSNSH" >
<Path><![CDATA[\Iteration1\t1.inf]]></Path>
</BtmPane>
</NodeArgs>
</Step>
<Step rID="T16">
<Obj plainTxt="False" ><![CDATA[Custom Request: nav.pl]]></Obj>
<Details plainTxt="False" ><![CDATA[<CENTER><STRONG><FONT COLOR=#009A63>Step completed successfully</FONT></STRONG></CENTER>]]></Details>
<Time><![CDATA[01.11.2023 - 17:08:41]]></Time>
<TimeTick>1698847721</TimeTick>
<NodeArgs eType="General" icon="8" nRep="20" status="Passed" >
<Disp><![CDATA[Custom Request: nav.pl]]></Disp>
<BtmPane vType="HTMLSNSH" >
<Path><![CDATA[\Iteration1\t2.inf]]></Path>
</BtmPane>
</NodeArgs>
</Step>
<Step rID="T17">
<Obj plainTxt="False" ><![CDATA[Service: Add Auto Header]]></Obj>
<Details plainTxt="False" ><![CDATA[<CENTER>Add the following header to all subsequent HTTP requests :<BR><STRONG><FONT COLOR=#00AF00>Sec-Fetch-Site: none</FONT></STRONG></CENTER>]]></Details>
<Time><![CDATA[01.11.2023 - 17:08:41]]></Time>
<TimeTick>1698847721</TimeTick>
<NodeArgs eType="General" icon="6" nRep="21" >
<Disp><![CDATA[Service: Add Auto Header]]></Disp>
</NodeArgs>
</Step>
<Step rID="T18">
<Obj plainTxt="False" ><![CDATA[Service: Add Auto Header]]></Obj>
<Details plainTxt="False" ><![CDATA[<CENTER>Add the following header to all subsequent HTTP requests :<BR><STRONG><FONT COLOR=#00AF00>Sec-Fetch-Dest: document</FONT></STRONG></CENTER>]]></Details>
<Time><![CDATA[01.11.2023 - 17:08:41]]></Time>
<TimeTick>1698847721</TimeTick>
<NodeArgs eType="General" icon="6" nRep="22" >
<Disp><![CDATA[Service: Add Auto Header]]></Disp>
</NodeArgs>
</Step>
<Step rID="T19">
<Obj plainTxt="False" ><![CDATA[Service: Add Header]]></Obj>
<Details plainTxt="False" ><![CDATA[<CENTER>Add the following header to the next HTTP request :<BR><STRONG><FONT COLOR=#00AF00>Sec-Fetch-User: ?1</FONT></STRONG></CENTER>]]></Details>
<Time><![CDATA[01.11.2023 - 17:08:41]]></Time>
<TimeTick>1698847721</TimeTick>
<NodeArgs eType="General" icon="9" nRep="23" >
<Disp><![CDATA[Service: Add Header]]></Disp>
</NodeArgs>
</Step>
<Step rID="T20">
<Obj plainTxt="False" ><![CDATA[Custom Request: WebTours]]></Obj>
<Details plainTxt="False" ><![CDATA[<CENTER><STRONG><FONT COLOR=#009A63>Step completed successfully</FONT></STRONG></CENTER>]]></Details>
<Time><![CDATA[01.11.2023 - 17:08:41]]></Time>
<TimeTick>1698847721</TimeTick>
<NodeArgs eType="General" icon="8" nRep="24" status="Passed" >
<Disp><![CDATA[Custom Request: WebTours]]></Disp>
<BtmPane vType="HTMLSNSH" >
<Path><![CDATA[\Iteration1\t3.inf]]></Path>
</BtmPane>
</NodeArgs>
</Step>
<Step rID="T21">
<Obj plainTxt="False" ><![CDATA[Service: Add Auto Header]]></Obj>
<Details plainTxt="False" ><![CDATA[<CENTER>Add the following header to all subsequent HTTP requests :<BR><STRONG><FONT COLOR=#00AF00>Sec-Fetch-Dest: frame</FONT></STRONG></CENTER>]]></Details>
<Time><![CDATA[01.11.2023 - 17:08:41]]></Time>
<TimeTick>1698847721</TimeTick>
<NodeArgs eType="General" icon="6" nRep="25" >
<Disp><![CDATA[Service: Add Auto Header]]></Disp>
</NodeArgs>
</Step>
<Step rID="T22">
<Obj plainTxt="False" ><![CDATA[Service: Add Auto Header]]></Obj>
<Details plainTxt="False" ><![CDATA[<CENTER>Add the following header to all subsequent HTTP requests :<BR><STRONG><FONT COLOR=#00AF00>Sec-Fetch-Site: same-origin</FONT></STRONG></CENTER>]]></Details>
<Time><![CDATA[01.11.2023 - 17:08:41]]></Time>
<TimeTick>1698847721</TimeTick>
<NodeArgs eType="General" icon="6" nRep="26" >
<Disp><![CDATA[Service: Add Auto Header]]></Disp>
</NodeArgs>
</Step>
<Step rID="T23">
<Obj plainTxt="False" ><![CDATA[Service: Reg Find]]></Obj>
<Details plainTxt="False" ><![CDATA[<CENTER><STRONG><FONT COLOR=#00AF00>Text=A Session ID has been created and loaded into a cookie called MSO.</FONT></STRONG></CENTER>]]></Details>
<Time><![CDATA[01.11.2023 - 17:08:41]]></Time>
<TimeTick>1698847721</TimeTick>
<NodeArgs eType="General" icon="7" nRep="27" >
<Disp><![CDATA[Service: Reg Find]]></Disp>
</NodeArgs>
</Step>
<Step rID="T24">
<Obj plainTxt="False" ><![CDATA[Custom Request: welcome.pl_2]]></Obj>
<Details plainTxt="False" ><![CDATA[<CENTER><STRONG><FONT COLOR=#009A63>Step completed successfully</FONT></STRONG></CENTER>]]></Details>
<Time><![CDATA[01.11.2023 - 17:08:41]]></Time>
<TimeTick>1698847721</TimeTick>
<NodeArgs eType="General" icon="8" nRep="28" status="Passed" >
<Disp><![CDATA[Custom Request: welcome.pl_2]]></Disp>
<BtmPane vType="HTMLSNSH" >
<Path><![CDATA[\Iteration1\t4.inf]]></Path>
</BtmPane>
</NodeArgs>
</Step>
<Step rID="T25">
<Obj plainTxt="False" ><![CDATA[Service: Reg Save Param Attrib]]></Obj>
<Details plainTxt="False" ><![CDATA[<CENTER>ParamName = <STRONG><FONT COLOR=#00AF00>userSession</FONT></STRONG><BR>TagName = <STRONG><FONT COLOR=#00AF00>input</FONT></STRONG><BR>Extract = <STRONG><FONT COLOR=#00AF00>value</FONT></STRONG></CENTER>]]></Details>
<Time><![CDATA[01.11.2023 - 17:08:41]]></Time>
<TimeTick>1698847721</TimeTick>
<NodeArgs eType="General" icon="10" nRep="29" >
<Disp><![CDATA[Service: Reg Save Param Attrib]]></Disp>
</NodeArgs>
</Step>
<Step rID="T26">
<Obj plainTxt="False" ><![CDATA[Custom Request: nav.pl_2]]></Obj>
<Details plainTxt="False" ><![CDATA[<CENTER><STRONG><FONT COLOR=#009A63>Step completed successfully</FONT></STRONG></CENTER>]]></Details>
<Time><![CDATA[01.11.2023 - 17:08:41]]></Time>
<TimeTick>1698847721</TimeTick>
<NodeArgs eType="General" icon="8" nRep="30" status="Passed" >
<Disp><![CDATA[Custom Request: nav.pl_2]]></Disp>
<BtmPane vType="HTMLSNSH" >
<Path><![CDATA[\Iteration1\t6.inf]]></Path>
</BtmPane>
</NodeArgs>
</Step>
<Step rID="T27">
<Obj plainTxt="False" ><![CDATA[Service: Add Header]]></Obj>
<Details plainTxt="False" ><![CDATA[<CENTER>Add the following header to the next HTTP request :<BR><STRONG><FONT COLOR=#00AF00>Origin: http://localhost:1080</FONT></STRONG></CENTER>]]></Details>
<Time><![CDATA[01.11.2023 - 17:08:42]]></Time>
<TimeTick>1698847722</TimeTick>
<NodeArgs eType="General" icon="9" nRep="31" >
<Disp><![CDATA[Service: Add Header]]></Disp>
</NodeArgs>
</Step>
<Step rID="T28">
<Obj plainTxt="False" ><![CDATA[Service: Add Auto Header]]></Obj>
<Details plainTxt="False" ><![CDATA[<CENTER>Add the following header to all subsequent HTTP requests :<BR><STRONG><FONT COLOR=#00AF00>Sec-Fetch-User: ?1</FONT></STRONG></CENTER>]]></Details>
<Time><![CDATA[01.11.2023 - 17:08:42]]></Time>
<TimeTick>1698847722</TimeTick>
<NodeArgs eType="General" icon="6" nRep="32" >
<Disp><![CDATA[Service: Add Auto Header]]></Disp>
</NodeArgs>
</Step>
<Step rID="T29">
<Obj plainTxt="False" ><![CDATA[Service: Reg Find]]></Obj>
<Details plainTxt="False" ><![CDATA[<CENTER><STRONG><FONT COLOR=#00AF00>Text=User password was correct</FONT></STRONG></CENTER>]]></Details>
<Time><![CDATA[01.11.2023 - 17:08:42]]></Time>
<TimeTick>1698847722</TimeTick>
<NodeArgs eType="General" icon="7" nRep="33" >
<Disp><![CDATA[Service: Reg Find]]></Disp>
</NodeArgs>
</Step>
<Step rID="T30">
<Obj plainTxt="False" ><![CDATA[Custom Request: login.pl]]></Obj>
<Details plainTxt="False" ><![CDATA[<CENTER><STRONG><FONT COLOR=#009A63>Step completed successfully</FONT></STRONG></CENTER>]]></Details>
<Time><![CDATA[01.11.2023 - 17:08:42]]></Time>
<TimeTick>1698847722</TimeTick>
<NodeArgs eType="General" icon="8" nRep="34" status="Passed" >
<Disp><![CDATA[Custom Request: login.pl]]></Disp>
<BtmPane vType="HTMLSNSH" >
<Path><![CDATA[\Iteration1\t7.inf]]></Path>
</BtmPane>
</NodeArgs>
</Step>
<Step rID="T31">
<Obj plainTxt="False" ><![CDATA[Custom Request: login.pl_2]]></Obj>
<Details plainTxt="False" ><![CDATA[<CENTER><STRONG><FONT COLOR=#009A63>Step completed successfully</FONT></STRONG></CENTER>]]></Details>
<Time><![CDATA[01.11.2023 - 17:08:42]]></Time>
<TimeTick>1698847722</TimeTick>
<NodeArgs eType="General" icon="8" nRep="35" status="Passed" >
<Disp><![CDATA[Custom Request: login.pl_2]]></Disp>
<BtmPane vType="HTMLSNSH" >
<Path><![CDATA[\Iteration1\t8.inf]]></Path>
</BtmPane>
</NodeArgs>
</Step>
<Step rID="T32">
<Obj plainTxt="False" ><![CDATA[Custom Request: nav.pl_3]]></Obj>
<Details plainTxt="False" ><![CDATA[<CENTER><STRONG><FONT COLOR=#009A63>Step completed successfully</FONT></STRONG></CENTER>]]></Details>
<Time><![CDATA[01.11.2023 - 17:08:42]]></Time>
<TimeTick>1698847722</TimeTick>
<NodeArgs eType="General" icon="8" nRep="36" status="Passed" >
<Disp><![CDATA[Custom Request: nav.pl_3]]></Disp>
<BtmPane vType="HTMLSNSH" >
<Path><![CDATA[\Iteration1\t9.inf]]></Path>
</BtmPane>
</NodeArgs>
</Step>
<Step rID="T33">
<Obj plainTxt="False" ><![CDATA[Service: Reg Find]]></Obj>
<Details plainTxt="False" ><![CDATA[<CENTER><STRONG><FONT COLOR=#00AF00>Text= User has returned to the search page.</FONT></STRONG></CENTER>]]></Details>
<Time><![CDATA[01.11.2023 - 17:08:42]]></Time>
<TimeTick>1698847722</TimeTick>
<NodeArgs eType="General" icon="7" nRep="37" >
<Disp><![CDATA[Service: Reg Find]]></Disp>
</NodeArgs>
</Step>
<Step rID="T34">
<Obj plainTxt="False" ><![CDATA[Custom Request: Search Flights Button]]></Obj>
<Details plainTxt="False" ><![CDATA[<CENTER><STRONG><FONT COLOR=#009A63>Step completed successfully</FONT></STRONG></CENTER>]]></Details>
<Time><![CDATA[01.11.2023 - 17:08:42]]></Time>
<TimeTick>1698847722</TimeTick>
<NodeArgs eType="General" icon="8" nRep="38" status="Passed" >
<Disp><![CDATA[Custom Request: Search Flights Button]]></Disp>
<BtmPane vType="HTMLSNSH" >
<Path><![CDATA[\Iteration1\t10.inf]]></Path>
</BtmPane>
</NodeArgs>
</Step>
<Step rID="T35">
<Obj plainTxt="False" ><![CDATA[Service: Remove/Revert Auto Header]]></Obj>
<Details plainTxt="False" ><![CDATA[<CENTER>Remove/revert <BR><STRONG><FONT COLOR=#00AF00>Sec-Fetch-User</FONT></STRONG> header, implicit generation: <STRONG>Yes</STRONG></CENTER>]]></Details>
<Time><![CDATA[01.11.2023 - 17:08:42]]></Time>
<TimeTick>1698847722</TimeTick>
<NodeArgs eType="General" icon="4" nRep="39" >
<Disp><![CDATA[Service: Remove/Revert Auto Header]]></Disp>
</NodeArgs>
</Step>
<Step rID="T36">
<Obj plainTxt="False" ><![CDATA[Custom Request: nav.pl_4]]></Obj>
<Details plainTxt="False" ><![CDATA[<CENTER><STRONG><FONT COLOR=#009A63>Step completed successfully</FONT></STRONG></CENTER>]]></Details>
<Time><![CDATA[01.11.2023 - 17:08:42]]></Time>
<TimeTick>1698847722</TimeTick>
<NodeArgs eType="General" icon="8" nRep="40" status="Passed" >
<Disp><![CDATA[Custom Request: nav.pl_4]]></Disp>
<BtmPane vType="HTMLSNSH" >
<Path><![CDATA[\Iteration1\t11.inf]]></Path>
</BtmPane>
</NodeArgs>
</Step>
<Step rID="T37">
<Obj plainTxt="False" ><![CDATA[Custom Request: reservations.pl]]></Obj>
<Details plainTxt="False" ><![CDATA[<CENTER><STRONG><FONT COLOR=#009A63>Step completed successfully</FONT></STRONG></CENTER>]]></Details>
<Time><![CDATA[01.11.2023 - 17:08:43]]></Time>
<TimeTick>1698847723</TimeTick>
<NodeArgs eType="General" icon="8" nRep="41" status="Passed" >
<Disp><![CDATA[Custom Request: reservations.pl]]></Disp>
<BtmPane vType="HTMLSNSH" >
<Path><![CDATA[\Iteration1\t12.inf]]></Path>
</BtmPane>
</NodeArgs>
</Step>
<Step rID="T38">
<Obj plainTxt="False" ><![CDATA[Service: Add Auto Header]]></Obj>
<Details plainTxt="False" ><![CDATA[<CENTER>Add the following header to all subsequent HTTP requests :<BR><STRONG><FONT COLOR=#00AF00>Origin: http://localhost:1080</FONT></STRONG></CENTER>]]></Details>
<Time><![CDATA[01.11.2023 - 17:08:43]]></Time>
<TimeTick>1698847723</TimeTick>
<NodeArgs eType="General" icon="6" nRep="42" >
<Disp><![CDATA[Service: Add Auto Header]]></Disp>
</NodeArgs>
</Step>
<Step rID="T39">
<Obj plainTxt="False" ><![CDATA[Service: Add Auto Header]]></Obj>
<Details plainTxt="False" ><![CDATA[<CENTER>Add the following header to all subsequent HTTP requests :<BR><STRONG><FONT COLOR=#00AF00>Sec-Fetch-User: ?1</FONT></STRONG></CENTER>]]></Details>
<Time><![CDATA[01.11.2023 - 17:08:43]]></Time>
<TimeTick>1698847723</TimeTick>
<NodeArgs eType="General" icon="6" nRep="43" >
<Disp><![CDATA[Service: Add Auto Header]]></Disp>
</NodeArgs>
</Step>
<Step rID="T40">
<Obj plainTxt="False" ><![CDATA[Service: Reg Find]]></Obj>
<Details plainTxt="False" ><![CDATA[<CENTER><STRONG><FONT COLOR=#00AF00>Text=Find Flight</FONT></STRONG></CENTER>]]></Details>
<Time><![CDATA[01.11.2023 - 17:08:43]]></Time>
<TimeTick>1698847723</TimeTick>
<NodeArgs eType="General" icon="7" nRep="44" >
<Disp><![CDATA[Service: Reg Find]]></Disp>
</NodeArgs>
</Step>
<Step rID="T41">
<Obj plainTxt="False" ><![CDATA[Custom Request: reservations.pl_2]]></Obj>
<Details plainTxt="False" ><![CDATA[<CENTER><STRONG><FONT COLOR=#009A63>Step completed successfully</FONT></STRONG></CENTER>]]></Details>
<Time><![CDATA[01.11.2023 - 17:08:43]]></Time>
<TimeTick>1698847723</TimeTick>
<NodeArgs eType="General" icon="8" nRep="45" status="Passed" >
<Disp><![CDATA[Custom Request: reservations.pl_2]]></Disp>
<BtmPane vType="HTMLSNSH" >
<Path><![CDATA[\Iteration1\t13.inf]]></Path>
</BtmPane>
</NodeArgs>
</Step>
<Step rID="T42">
<Obj plainTxt="False" ><![CDATA[Service: Reg Find]]></Obj>
<Details plainTxt="False" ><![CDATA[<CENTER><STRONG><FONT COLOR=#00AF00>Text=Payment Details</FONT></STRONG></CENTER>]]></Details>
<Time><![CDATA[01.11.2023 - 17:08:43]]></Time>
<TimeTick>1698847723</TimeTick>
<NodeArgs eType="General" icon="7" nRep="46" >
<Disp><![CDATA[Service: Reg Find]]></Disp>
</NodeArgs>
</Step>
<Step rID="T43">
<Obj plainTxt="False" ><![CDATA[Custom Request: reservations.pl_3]]></Obj>
<Details plainTxt="False" ><![CDATA[<CENTER><STRONG><FONT COLOR=#009A63>Step completed successfully</FONT></STRONG></CENTER>]]></Details>
<Time><![CDATA[01.11.2023 - 17:08:43]]></Time>
<TimeTick>1698847723</TimeTick>
<NodeArgs eType="General" icon="8" nRep="47" status="Passed" >
<Disp><![CDATA[Custom Request: reservations.pl_3]]></Disp>
<BtmPane vType="HTMLSNSH" >
<Path><![CDATA[\Iteration1\t14.inf]]></Path>
</BtmPane>
</NodeArgs>
</Step>
<Step rID="T44">
<Obj plainTxt="False" ><![CDATA[Service: Reg Find]]></Obj>
<Details plainTxt="False" ><![CDATA[<CENTER><STRONG><FONT COLOR=#00AF00>Text=Flight reserved</FONT></STRONG></CENTER>]]></Details>
<Time><![CDATA[01.11.2023 - 17:08:43]]></Time>
<TimeTick>1698847723</TimeTick>
<NodeArgs eType="General" icon="7" nRep="48" >
<Disp><![CDATA[Service: Reg Find]]></Disp>
</NodeArgs>
</Step>
<Step rID="T45">
<Obj plainTxt="False" ><![CDATA[Custom Request: reservations.pl_4]]></Obj>
<Details plainTxt="False" ><![CDATA[<CENTER><STRONG><FONT COLOR=#009A63>Step completed successfully</FONT></STRONG></CENTER>]]></Details>
<Time><![CDATA[01.11.2023 - 17:08:43]]></Time>
<TimeTick>1698847723</TimeTick>
<NodeArgs eType="General" icon="8" nRep="49" status="Passed" >
<Disp><![CDATA[Custom Request: reservations.pl_4]]></Disp>
<BtmPane vType="HTMLSNSH" >
<Path><![CDATA[\Iteration1\t15.inf]]></Path>
</BtmPane>
</NodeArgs>
</Step>
<Step rID="T46">
<Obj plainTxt="False" ><![CDATA[Service: Remove/Revert Auto Header]]></Obj>
<Details plainTxt="False" ><![CDATA[<CENTER>Remove/revert <BR><STRONG><FONT COLOR=#00AF00>Origin</FONT></STRONG> header, implicit generation: <STRONG>Yes</STRONG></CENTER>]]></Details>
<Time><![CDATA[01.11.2023 - 17:08:43]]></Time>
<TimeTick>1698847723</TimeTick>
<NodeArgs eType="General" icon="4" nRep="50" >
<Disp><![CDATA[Service: Remove/Revert Auto Header]]></Disp>
</NodeArgs>
</Step>
<Step rID="T47">
<Obj plainTxt="False" ><![CDATA[Service: Reg Find]]></Obj>
<Details plainTxt="False" ><![CDATA[<CENTER><STRONG><FONT COLOR=#00AF00>Text= A Session ID has been created and loaded into a cookie called MSO.</FONT></STRONG></CENTER>]]></Details>
<Time><![CDATA[01.11.2023 - 17:08:43]]></Time>
<TimeTick>1698847723</TimeTick>
<NodeArgs eType="General" icon="7" nRep="51" >
<Disp><![CDATA[Service: Reg Find]]></Disp>
</NodeArgs>
</Step>
<Step rID="T48">
<Obj plainTxt="False" ><![CDATA[Custom Request: SignOff Button]]></Obj>
<Details plainTxt="False" ><![CDATA[<CENTER><STRONG><FONT COLOR=#009A63>Step completed successfully</FONT></STRONG></CENTER>]]></Details>
<Time><![CDATA[01.11.2023 - 17:08:43]]></Time>
<TimeTick>1698847723</TimeTick>
<NodeArgs eType="General" icon="8" nRep="52" status="Passed" >
<Disp><![CDATA[Custom Request: SignOff Button]]></Disp>
<BtmPane vType="HTMLSNSH" >
<Path><![CDATA[\Iteration1\t16.inf]]></Path>
</BtmPane>
</NodeArgs>
</Step>
<Step rID="T49">
<Obj plainTxt="False" ><![CDATA[Custom Request: nav.pl_5]]></Obj>
<Details plainTxt="False" ><![CDATA[<CENTER><STRONG><FONT COLOR=#009A63>Step completed successfully</FONT></STRONG></CENTER>]]></Details>
<Time><![CDATA[01.11.2023 - 17:08:44]]></Time>
<TimeTick>1698847724</TimeTick>
<NodeArgs eType="General" icon="8" nRep="53" status="Passed" >
<Disp><![CDATA[Custom Request: nav.pl_5]]></Disp>
<BtmPane vType="HTMLSNSH" >
<Path><![CDATA[\Iteration1\t17.inf]]></Path>
</BtmPane>
</NodeArgs>
</Step>
<Summary sTime="01.11.2023 - 17:08:30" eTime="01.11.2023 - 17:08:44" passed="16" failed="0" warnings="0" ></Summary>
<NodeArgs eType="StartAction" icon="2" nRep="8" status="Passed" >
<Disp><![CDATA[Action Summary]]></Disp>
</NodeArgs>
</Action>
<NodeArgs eType="StartIteration" icon="3" nRep="7" status="Passed" >
<Disp><![CDATA[UC_2 Iteration 1 (Row 1)]]></Disp>
</NodeArgs>
</DIter>
<DIter rID="T50" iterID="2" >
<Action rID="T51">
<AName><![CDATA[Action]]></AName>
<Step rID="T52">
<Obj plainTxt="False" ><![CDATA[Service: Set Sockets Option]]></Obj>
<Details plainTxt="False" ><![CDATA[<CENTER>Set socket option <STRONG><FONT COLOR=#00AF00>SSL_VERSION</FONT></STRONG> with value <STRONG><FONT COLOR=#00AF00>AUTO</FONT></STRONG></CENTER>]]></Details>
<Time><![CDATA[01.11.2023 - 17:08:44]]></Time>
<TimeTick>1698847724</TimeTick>
<NodeArgs eType="General" icon="4" nRep="58" >
<Disp><![CDATA[Service: Set Sockets Option]]></Disp>
</NodeArgs>
</Step>
<Step rID="T53">
<Obj plainTxt="False" ><![CDATA[Service: Add Cookie]]></Obj>
<Details plainTxt="False" ><![CDATA[<CENTER>Add the following cookie: <STRONG><FONT COLOR=#00AF00>grafana_session=014feb5b0cb81aed7c29ec0cdb2c04c4; DOMAIN=localhost</FONT></STRONG></CENTER>]]></Details>
<Time><![CDATA[01.11.2023 - 17:08:44]]></Time>
<TimeTick>1698847724</TimeTick>
<NodeArgs eType="General" icon="5" nRep="59" >
<Disp><![CDATA[Service: Add Cookie]]></Disp>
</NodeArgs>
</Step>
<Step rID="T54">
<Obj plainTxt="False" ><![CDATA[Service: Add Auto Header]]></Obj>
<Details plainTxt="False" ><![CDATA[<CENTER>Add the following header to all subsequent HTTP requests :<BR><STRONG><FONT COLOR=#00AF00>Sec-Fetch-Dest: frame</FONT></STRONG></CENTER>]]></Details>
<Time><![CDATA[01.11.2023 - 17:08:44]]></Time>
<TimeTick>1698847724</TimeTick>
<NodeArgs eType="General" icon="6" nRep="60" >
<Disp><![CDATA[Service: Add Auto Header]]></Disp>
</NodeArgs>
</Step>
<Step rID="T55">
<Obj plainTxt="False" ><![CDATA[Service: Add Auto Header]]></Obj>
<Details plainTxt="False" ><![CDATA[<CENTER>Add the following header to all subsequent HTTP requests :<BR><STRONG><FONT COLOR=#00AF00>Sec-Fetch-Mode: navigate</FONT></STRONG></CENTER>]]></Details>
<Time><![CDATA[01.11.2023 - 17:08:44]]></Time>
<TimeTick>1698847724</TimeTick>
<NodeArgs eType="General" icon="6" nRep="61" >
<Disp><![CDATA[Service: Add Auto Header]]></Disp>
</NodeArgs>
</Step>
<Step rID="T56">
<Obj plainTxt="False" ><![CDATA[Service: Add Auto Header]]></Obj>
<Details plainTxt="False" ><![CDATA[<CENTER>Add the following header to all subsequent HTTP requests :<BR><STRONG><FONT COLOR=#00AF00>Sec-Fetch-Site: same-origin</FONT></STRONG></CENTER>]]></Details>
<Time><![CDATA[01.11.2023 - 17:08:44]]></Time>
<TimeTick>1698847724</TimeTick>
<NodeArgs eType="General" icon="6" nRep="62" >
<Disp><![CDATA[Service: Add Auto Header]]></Disp>
</NodeArgs>
</Step>
<Step rID="T57">
<Obj plainTxt="False" ><![CDATA[Service: Add Auto Header]]></Obj>
<Details plainTxt="False" ><![CDATA[<CENTER>Add the following header to all subsequent HTTP requests :<BR><STRONG><FONT COLOR=#00AF00>Upgrade-Insecure-Requests: 1</FONT></STRONG></CENTER>]]></Details>
<Time><![CDATA[01.11.2023 - 17:08:44]]></Time>
<TimeTick>1698847724</TimeTick>
<NodeArgs eType="General" icon="6" nRep="63" >
<Disp><![CDATA[Service: Add Auto Header]]></Disp>
</NodeArgs>
</Step>
<Step rID="T58">
<Obj plainTxt="False" ><![CDATA[Service: Add Auto Header]]></Obj>
<Details plainTxt="False" ><![CDATA[<CENTER>Add the following header to all subsequent HTTP requests :<BR><STRONG><FONT COLOR=#00AF00>sec-ch-ua: "Chromium";v="118", "Google Chrome";v="118", "Not=A?Brand";v="99"</FONT></STRONG></CENTER>]]></Details>
<Time><![CDATA[01.11.2023 - 17:08:44]]></Time>
<TimeTick>1698847724</TimeTick>
<NodeArgs eType="General" icon="6" nRep="64" >
<Disp><![CDATA[Service: Add Auto Header]]></Disp>
</NodeArgs>
</Step>
<Step rID="T59">
<Obj plainTxt="False" ><![CDATA[Service: Add Auto Header]]></Obj>
<Details plainTxt="False" ><![CDATA[<CENTER>Add the following header to all subsequent HTTP requests :<BR><STRONG><FONT COLOR=#00AF00>sec-ch-ua-mobile: ?0</FONT></STRONG></CENTER>]]></Details>
<Time><![CDATA[01.11.2023 - 17:08:44]]></Time>
<TimeTick>1698847724</TimeTick>
<NodeArgs eType="General" icon="6" nRep="65" >
<Disp><![CDATA[Service: Add Auto Header]]></Disp>
</NodeArgs>
</Step>
<Step rID="T60">
<Obj plainTxt="False" ><![CDATA[Service: Add Auto Header]]></Obj>
<Details plainTxt="False" ><![CDATA[<CENTER>Add the following header to all subsequent HTTP requests :<BR><STRONG><FONT COLOR=#00AF00>sec-ch-ua-platform: "Windows"</FONT></STRONG></CENTER>]]></Details>
<Time><![CDATA[01.11.2023 - 17:08:44]]></Time>
<TimeTick>1698847724</TimeTick>
<NodeArgs eType="General" icon="6" nRep="66" >
<Disp><![CDATA[Service: Add Auto Header]]></Disp>
</NodeArgs>
</Step>
<Step rID="T61">
<Obj plainTxt="False" ><![CDATA[Service: Reg Find]]></Obj>
<Details plainTxt="False" ><![CDATA[<CENTER><STRONG><FONT COLOR=#00AF00>Text=A Session ID has been created and loaded into a cookie called MSO.</FONT></STRONG></CENTER>]]></Details>
<Time><![CDATA[01.11.2023 - 17:08:44]]></Time>
<TimeTick>1698847724</TimeTick>
<NodeArgs eType="General" icon="7" nRep="67" >
<Disp><![CDATA[Service: Reg Find]]></Disp>
</NodeArgs>
</Step>
<Step rID="T62">
<Obj plainTxt="False" ><![CDATA[Custom Request: welcome.pl]]></Obj>
<Details plainTxt="False" ><![CDATA[<CENTER><STRONG><FONT COLOR=#009A63>Step completed successfully</FONT></STRONG></CENTER>]]></Details>
<Time><![CDATA[01.11.2023 - 17:08:44]]></Time>
<TimeTick>1698847724</TimeTick>
<NodeArgs eType="General" icon="8" nRep="68" status="Passed" >
<Disp><![CDATA[Custom Request: welcome.pl]]></Disp>
<BtmPane vType="HTMLSNSH" >
<Path><![CDATA[\Iteration2\t1.inf]]></Path>
</BtmPane>
</NodeArgs>
</Step>
<Step rID="T63">
<Obj plainTxt="False" ><![CDATA[Custom Request: nav.pl]]></Obj>
<Details plainTxt="False" ><![CDATA[<CENTER><STRONG><FONT COLOR=#009A63>Step completed successfully</FONT></STRONG></CENTER>]]></Details>
<Time><![CDATA[01.11.2023 - 17:08:44]]></Time>
<TimeTick>1698847724</TimeTick>
<NodeArgs eType="General" icon="8" nRep="69" status="Passed" >
<Disp><![CDATA[Custom Request: nav.pl]]></Disp>
<BtmPane vType="HTMLSNSH" >
<Path><![CDATA[\Iteration2\t2.inf]]></Path>
</BtmPane>
</NodeArgs>
</Step>
<Step rID="T64">
<Obj plainTxt="False" ><![CDATA[Service: Add Auto Header]]></Obj>
<Details plainTxt="False" ><![CDATA[<CENTER>Add the following header to all subsequent HTTP requests :<BR><STRONG><FONT COLOR=#00AF00>Sec-Fetch-Site: none</FONT></STRONG></CENTER>]]></Details>
<Time><![CDATA[01.11.2023 - 17:08:44]]></Time>
<TimeTick>1698847724</TimeTick>
<NodeArgs eType="General" icon="6" nRep="70" >
<Disp><![CDATA[Service: Add Auto Header]]></Disp>
</NodeArgs>
</Step>
<Step rID="T65">
<Obj plainTxt="False" ><![CDATA[Service: Add Auto Header]]></Obj>
<Details plainTxt="False" ><![CDATA[<CENTER>Add the following header to all subsequent HTTP requests :<BR><STRONG><FONT COLOR=#00AF00>Sec-Fetch-Dest: document</FONT></STRONG></CENTER>]]></Details>
<Time><![CDATA[01.11.2023 - 17:08:44]]></Time>
<TimeTick>1698847724</TimeTick>
<NodeArgs eType="General" icon="6" nRep="71" >
<Disp><![CDATA[Service: Add Auto Header]]></Disp>
</NodeArgs>
</Step>
<Step rID="T66">
<Obj plainTxt="False" ><![CDATA[Service: Add Header]]></Obj>
<Details plainTxt="False" ><![CDATA[<CENTER>Add the following header to the next HTTP request :<BR><STRONG><FONT COLOR=#00AF00>Sec-Fetch-User: ?1</FONT></STRONG></CENTER>]]></Details>
<Time><![CDATA[01.11.2023 - 17:08:44]]></Time>
<TimeTick>1698847724</TimeTick>
<NodeArgs eType="General" icon="9" nRep="72" >
<Disp><![CDATA[Service: Add Header]]></Disp>
</NodeArgs>
</Step>
<Step rID="T67">
<Obj plainTxt="False" ><![CDATA[Custom Request: WebTours]]></Obj>
<Details plainTxt="False" ><![CDATA[<CENTER><STRONG><FONT COLOR=#009A63>Step completed successfully</FONT></STRONG></CENTER>]]></Details>
<Time><![CDATA[01.11.2023 - 17:08:44]]></Time>
<TimeTick>1698847724</TimeTick>
<NodeArgs eType="General" icon="8" nRep="73" status="Passed" >
<Disp><![CDATA[Custom Request: WebTours]]></Disp>
<BtmPane vType="HTMLSNSH" >
<Path><![CDATA[\Iteration2\t3.inf]]></Path>
</BtmPane>
</NodeArgs>
</Step>
<Step rID="T68">
<Obj plainTxt="False" ><![CDATA[Service: Add Auto Header]]></Obj>
<Details plainTxt="False" ><![CDATA[<CENTER>Add the following header to all subsequent HTTP requests :<BR><STRONG><FONT COLOR=#00AF00>Sec-Fetch-Dest: frame</FONT></STRONG></CENTER>]]></Details>
<Time><![CDATA[01.11.2023 - 17:08:44]]></Time>
<TimeTick>1698847724</TimeTick>
<NodeArgs eType="General" icon="6" nRep="74" >
<Disp><![CDATA[Service: Add Auto Header]]></Disp>
</NodeArgs>
</Step>
<Step rID="T69">
<Obj plainTxt="False" ><![CDATA[Service: Add Auto Header]]></Obj>
<Details plainTxt="False" ><![CDATA[<CENTER>Add the following header to all subsequent HTTP requests :<BR><STRONG><FONT COLOR=#00AF00>Sec-Fetch-Site: same-origin</FONT></STRONG></CENTER>]]></Details>
<Time><![CDATA[01.11.2023 - 17:08:44]]></Time>
<TimeTick>1698847724</TimeTick>
<NodeArgs eType="General" icon="6" nRep="75" >
<Disp><![CDATA[Service: Add Auto Header]]></Disp>
</NodeArgs>
</Step>
<Step rID="T70">
<Obj plainTxt="False" ><![CDATA[Service: Reg Find]]></Obj>
<Details plainTxt="False" ><![CDATA[<CENTER><STRONG><FONT COLOR=#00AF00>Text=A Session ID has been created and loaded into a cookie called MSO.</FONT></STRONG></CENTER>]]></Details>
<Time><![CDATA[01.11.2023 - 17:08:44]]></Time>
<TimeTick>1698847724</TimeTick>
<NodeArgs eType="General" icon="7" nRep="76" >
<Disp><![CDATA[Service: Reg Find]]></Disp>
</NodeArgs>
</Step>
<Step rID="T71">
<Obj plainTxt="False" ><![CDATA[Custom Request: welcome.pl_2]]></Obj>
<Details plainTxt="False" ><![CDATA[<CENTER><STRONG><FONT COLOR=#009A63>Step completed successfully</FONT></STRONG></CENTER>]]></Details>
<Time><![CDATA[01.11.2023 - 17:08:44]]></Time>
<TimeTick>1698847724</TimeTick>
<NodeArgs eType="General" icon="8" nRep="77" status="Passed" >
<Disp><![CDATA[Custom Request: welcome.pl_2]]></Disp>
<BtmPane vType="HTMLSNSH" >
<Path><![CDATA[\Iteration2\t4.inf]]></Path>
</BtmPane>
</NodeArgs>
</Step>
<Step rID="T72">
<Obj plainTxt="False" ><![CDATA[Service: Reg Save Param Attrib]]></Obj>
<Details plainTxt="False" ><![CDATA[<CENTER>ParamName = <STRONG><FONT COLOR=#00AF00>userSession</FONT></STRONG><BR>TagName = <STRONG><FONT COLOR=#00AF00>input</FONT></STRONG><BR>Extract = <STRONG><FONT COLOR=#00AF00>value</FONT></STRONG></CENTER>]]></Details>
<Time><![CDATA[01.11.2023 - 17:08:44]]></Time>
<TimeTick>1698847724</TimeTick>
<NodeArgs eType="General" icon="10" nRep="78" >
<Disp><![CDATA[Service: Reg Save Param Attrib]]></Disp>
</NodeArgs>
</Step>
<Step rID="T73">
<Obj plainTxt="False" ><![CDATA[Custom Request: nav.pl_2]]></Obj>
<Details plainTxt="False" ><![CDATA[<CENTER><STRONG><FONT COLOR=#009A63>Step completed successfully</FONT></STRONG></CENTER>]]></Details>
<Time><![CDATA[01.11.2023 - 17:08:44]]></Time>
<TimeTick>1698847724</TimeTick>
<NodeArgs eType="General" icon="8" nRep="79" status="Passed" >
<Disp><![CDATA[Custom Request: nav.pl_2]]></Disp>
<BtmPane vType="HTMLSNSH" >
<Path><![CDATA[\Iteration2\t6.inf]]></Path>
</BtmPane>
</NodeArgs>
</Step>
<Step rID="T74">
<Obj plainTxt="False" ><![CDATA[Service: Add Header]]></Obj>
<Details plainTxt="False" ><![CDATA[<CENTER>Add the following header to the next HTTP request :<BR><STRONG><FONT COLOR=#00AF00>Origin: http://localhost:1080</FONT></STRONG></CENTER>]]></Details>
<Time><![CDATA[01.11.2023 - 17:08:44]]></Time>
<TimeTick>1698847724</TimeTick>
<NodeArgs eType="General" icon="9" nRep="80" >
<Disp><![CDATA[Service: Add Header]]></Disp>
</NodeArgs>
</Step>
<Step rID="T75">
<Obj plainTxt="False" ><![CDATA[Service: Add Auto Header]]></Obj>
<Details plainTxt="False" ><![CDATA[<CENTER>Add the following header to all subsequent HTTP requests :<BR><STRONG><FONT COLOR=#00AF00>Sec-Fetch-User: ?1</FONT></STRONG></CENTER>]]></Details>
<Time><![CDATA[01.11.2023 - 17:08:44]]></Time>
<TimeTick>1698847724</TimeTick>
<NodeArgs eType="General" icon="6" nRep="81" >
<Disp><![CDATA[Service: Add Auto Header]]></Disp>
</NodeArgs>
</Step>
<Step rID="T76">
<Obj plainTxt="False" ><![CDATA[Service: Reg Find]]></Obj>
<Details plainTxt="False" ><![CDATA[<CENTER><STRONG><FONT COLOR=#00AF00>Text=User password was correct</FONT></STRONG></CENTER>]]></Details>
<Time><![CDATA[01.11.2023 - 17:08:44]]></Time>
<TimeTick>1698847724</TimeTick>
<NodeArgs eType="General" icon="7" nRep="82" >
<Disp><![CDATA[Service: Reg Find]]></Disp>
</NodeArgs>
</Step>
<Step rID="T77">
<Obj plainTxt="False" ><![CDATA[Custom Request: login.pl]]></Obj>
<Details plainTxt="False" ><![CDATA[<CENTER><STRONG><FONT COLOR=#009A63>Step completed successfully</FONT></STRONG></CENTER>]]></Details>
<Time><![CDATA[01.11.2023 - 17:08:45]]></Time>
<TimeTick>1698847725</TimeTick>
<NodeArgs eType="General" icon="8" nRep="83" status="Passed" >
<Disp><![CDATA[Custom Request: login.pl]]></Disp>
<BtmPane vType="HTMLSNSH" >
<Path><![CDATA[\Iteration2\t7.inf]]></Path>
</BtmPane>
</NodeArgs>
</Step>
<Step rID="T78">
<Obj plainTxt="False" ><![CDATA[Custom Request: login.pl_2]]></Obj>
<Details plainTxt="False" ><![CDATA[<CENTER><STRONG><FONT COLOR=#009A63>Step completed successfully</FONT></STRONG></CENTER>]]></Details>
<Time><![CDATA[01.11.2023 - 17:08:45]]></Time>
<TimeTick>1698847725</TimeTick>
<NodeArgs eType="General" icon="8" nRep="84" status="Passed" >
<Disp><![CDATA[Custom Request: login.pl_2]]></Disp>
<BtmPane vType="HTMLSNSH" >
<Path><![CDATA[\Iteration2\t8.inf]]></Path>
</BtmPane>
</NodeArgs>
</Step>
<Step rID="T79">
<Obj plainTxt="False" ><![CDATA[Custom Request: nav.pl_3]]></Obj>
<Details plainTxt="False" ><![CDATA[<CENTER><STRONG><FONT COLOR=#009A63>Step completed successfully</FONT></STRONG></CENTER>]]></Details>
<Time><![CDATA[01.11.2023 - 17:08:45]]></Time>
<TimeTick>1698847725</TimeTick>
<NodeArgs eType="General" icon="8" nRep="85" status="Passed" >
<Disp><![CDATA[Custom Request: nav.pl_3]]></Disp>
<BtmPane vType="HTMLSNSH" >
<Path><![CDATA[\Iteration2\t9.inf]]></Path>
</BtmPane>
</NodeArgs>
</Step>
<Step rID="T80">
<Obj plainTxt="False" ><![CDATA[Service: Reg Find]]></Obj>
<Details plainTxt="False" ><![CDATA[<CENTER><STRONG><FONT COLOR=#00AF00>Text= User has returned to the search page.</FONT></STRONG></CENTER>]]></Details>
<Time><![CDATA[01.11.2023 - 17:08:45]]></Time>
<TimeTick>1698847725</TimeTick>
<NodeArgs eType="General" icon="7" nRep="86" >
<Disp><![CDATA[Service: Reg Find]]></Disp>
</NodeArgs>
</Step>
<Step rID="T81">
<Obj plainTxt="False" ><![CDATA[Custom Request: Search Flights Button]]></Obj>
<Details plainTxt="False" ><![CDATA[<CENTER><STRONG><FONT COLOR=#009A63>Step completed successfully</FONT></STRONG></CENTER>]]></Details>
<Time><![CDATA[01.11.2023 - 17:08:45]]></Time>
<TimeTick>1698847725</TimeTick>
<NodeArgs eType="General" icon="8" nRep="87" status="Passed" >
<Disp><![CDATA[Custom Request: Search Flights Button]]></Disp>
<BtmPane vType="HTMLSNSH" >
<Path><![CDATA[\Iteration2\t10.inf]]></Path>
</BtmPane>
</NodeArgs>
</Step>
<Step rID="T82">
<Obj plainTxt="False" ><![CDATA[Service: Remove/Revert Auto Header]]></Obj>
<Details plainTxt="False" ><![CDATA[<CENTER>Remove/revert <BR><STRONG><FONT COLOR=#00AF00>Sec-Fetch-User</FONT></STRONG> header, implicit generation: <STRONG>Yes</STRONG></CENTER>]]></Details>
<Time><![CDATA[01.11.2023 - 17:08:45]]></Time>
<TimeTick>1698847725</TimeTick>
<NodeArgs eType="General" icon="4" nRep="88" >
<Disp><![CDATA[Service: Remove/Revert Auto Header]]></Disp>
</NodeArgs>
</Step>
<Step rID="T83">
<Obj plainTxt="False" ><![CDATA[Custom Request: nav.pl_4]]></Obj>
<Details plainTxt="False" ><![CDATA[<CENTER><STRONG><FONT COLOR=#009A63>Step completed successfully</FONT></STRONG></CENTER>]]></Details>
<Time><![CDATA[01.11.2023 - 17:08:45]]></Time>
<TimeTick>1698847725</TimeTick>
<NodeArgs eType="General" icon="8" nRep="89" status="Passed" >
<Disp><![CDATA[Custom Request: nav.pl_4]]></Disp>
<BtmPane vType="HTMLSNSH" >
<Path><![CDATA[\Iteration2\t11.inf]]></Path>
</BtmPane>
</NodeArgs>
</Step>
<Step rID="T84">
<Obj plainTxt="False" ><![CDATA[Custom Request: reservations.pl]]></Obj>
<Details plainTxt="False" ><![CDATA[<CENTER><STRONG><FONT COLOR=#009A63>Step completed successfully</FONT></STRONG></CENTER>]]></Details>
<Time><![CDATA[01.11.2023 - 17:08:45]]></Time>
<TimeTick>1698847725</TimeTick>
<NodeArgs eType="General" icon="8" nRep="90" status="Passed" >
<Disp><![CDATA[Custom Request: reservations.pl]]></Disp>
<BtmPane vType="HTMLSNSH" >
<Path><![CDATA[\Iteration2\t12.inf]]></Path>
</BtmPane>
</NodeArgs>
</Step>
<Step rID="T85">
<Obj plainTxt="False" ><![CDATA[Service: Add Auto Header]]></Obj>
<Details plainTxt="False" ><![CDATA[<CENTER>Add the following header to all subsequent HTTP requests :<BR><STRONG><FONT COLOR=#00AF00>Origin: http://localhost:1080</FONT></STRONG></CENTER>]]></Details>
<Time><![CDATA[01.11.2023 - 17:08:46]]></Time>
<TimeTick>1698847726</TimeTick>
<NodeArgs eType="General" icon="6" nRep="91" >
<Disp><![CDATA[Service: Add Auto Header]]></Disp>
</NodeArgs>
</Step>
<Step rID="T86">
<Obj plainTxt="False" ><![CDATA[Service: Add Auto Header]]></Obj>
<Details plainTxt="False" ><![CDATA[<CENTER>Add the following header to all subsequent HTTP requests :<BR><STRONG><FONT COLOR=#00AF00>Sec-Fetch-User: ?1</FONT></STRONG></CENTER>]]></Details>
<Time><![CDATA[01.11.2023 - 17:08:46]]></Time>
<TimeTick>1698847726</TimeTick>
<NodeArgs eType="General" icon="6" nRep="92" >
<Disp><![CDATA[Service: Add Auto Header]]></Disp>
</NodeArgs>
</Step>
<Step rID="T87">
<Obj plainTxt="False" ><![CDATA[Service: Reg Find]]></Obj>
<Details plainTxt="False" ><![CDATA[<CENTER><STRONG><FONT COLOR=#00AF00>Text=Find Flight</FONT></STRONG></CENTER>]]></Details>
<Time><![CDATA[01.11.2023 - 17:08:46]]></Time>
<TimeTick>1698847726</TimeTick>
<NodeArgs eType="General" icon="7" nRep="93" >
<Disp><![CDATA[Service: Reg Find]]></Disp>
</NodeArgs>
</Step>
<Step rID="T88">
<Obj plainTxt="False" ><![CDATA[Custom Request: reservations.pl_2]]></Obj>
<Details plainTxt="False" ><![CDATA[<CENTER><STRONG><FONT COLOR=#009A63>Step completed successfully</FONT></STRONG></CENTER>]]></Details>
<Time><![CDATA[01.11.2023 - 17:08:46]]></Time>
<TimeTick>1698847726</TimeTick>
<NodeArgs eType="General" icon="8" nRep="94" status="Passed" >
<Disp><![CDATA[Custom Request: reservations.pl_2]]></Disp>
<BtmPane vType="HTMLSNSH" >
<Path><![CDATA[\Iteration2\t13.inf]]></Path>
</BtmPane>
</NodeArgs>
</Step>
<Step rID="T89">
<Obj plainTxt="False" ><![CDATA[Service: Reg Find]]></Obj>
<Details plainTxt="False" ><![CDATA[<CENTER><STRONG><FONT COLOR=#00AF00>Text=Payment Details</FONT></STRONG></CENTER>]]></Details>
<Time><![CDATA[01.11.2023 - 17:08:46]]></Time>
<TimeTick>1698847726</TimeTick>
<NodeArgs eType="General" icon="7" nRep="95" >
<Disp><![CDATA[Service: Reg Find]]></Disp>
</NodeArgs>
</Step>
<Step rID="T90">
<Obj plainTxt="False" ><![CDATA[Custom Request: reservations.pl_3]]></Obj>
<Details plainTxt="False" ><![CDATA[<CENTER><STRONG><FONT COLOR=#009A63>Step completed successfully</FONT></STRONG></CENTER>]]></Details>
<Time><![CDATA[01.11.2023 - 17:08:46]]></Time>
<TimeTick>1698847726</TimeTick>
<NodeArgs eType="General" icon="8" nRep="96" status="Passed" >
<Disp><![CDATA[Custom Request: reservations.pl_3]]></Disp>
<BtmPane vType="HTMLSNSH" >
<Path><![CDATA[\Iteration2\t14.inf]]></Path>
</BtmPane>
</NodeArgs>
</Step>
<Step rID="T91">
<Obj plainTxt="False" ><![CDATA[Service: Reg Find]]></Obj>
<Details plainTxt="False" ><![CDATA[<CENTER><STRONG><FONT COLOR=#00AF00>Text=Flight reserved</FONT></STRONG></CENTER>]]></Details>
<Time><![CDATA[01.11.2023 - 17:08:46]]></Time>
<TimeTick>1698847726</TimeTick>
<NodeArgs eType="General" icon="7" nRep="97" >
<Disp><![CDATA[Service: Reg Find]]></Disp>
</NodeArgs>
</Step>
<Step rID="T92">
<Obj plainTxt="False" ><![CDATA[Custom Request: reservations.pl_4]]></Obj>
<Details plainTxt="False" ><![CDATA[<CENTER><STRONG><FONT COLOR=#009A63>Step completed successfully</FONT></STRONG></CENTER>]]></Details>
<Time><![CDATA[01.11.2023 - 17:08:46]]></Time>
<TimeTick>1698847726</TimeTick>
<NodeArgs eType="General" icon="8" nRep="98" status="Passed" >
<Disp><![CDATA[Custom Request: reservations.pl_4]]></Disp>
<BtmPane vType="HTMLSNSH" >
<Path><![CDATA[\Iteration2\t15.inf]]></Path>
</BtmPane>
</NodeArgs>
</Step>
<Step rID="T93">
<Obj plainTxt="False" ><![CDATA[Service: Remove/Revert Auto Header]]></Obj>
<Details plainTxt="False" ><![CDATA[<CENTER>Remove/revert <BR><STRONG><FONT COLOR=#00AF00>Origin</FONT></STRONG> header, implicit generation: <STRONG>Yes</STRONG></CENTER>]]></Details>
<Time><![CDATA[01.11.2023 - 17:08:46]]></Time>
<TimeTick>1698847726</TimeTick>
<NodeArgs eType="General" icon="4" nRep="99" >
<Disp><![CDATA[Service: Remove/Revert Auto Header]]></Disp>
</NodeArgs>
</Step>
<Step rID="T94">
<Obj plainTxt="False" ><![CDATA[Service: Reg Find]]></Obj>
<Details plainTxt="False" ><![CDATA[<CENTER><STRONG><FONT COLOR=#00AF00>Text= A Session ID has been created and loaded into a cookie called MSO.</FONT></STRONG></CENTER>]]></Details>
<Time><![CDATA[01.11.2023 - 17:08:46]]></Time>
<TimeTick>1698847726</TimeTick>
<NodeArgs eType="General" icon="7" nRep="100" >
<Disp><![CDATA[Service: Reg Find]]></Disp>
</NodeArgs>
</Step>
<Step rID="T95">
<Obj plainTxt="False" ><![CDATA[Custom Request: SignOff Button]]></Obj>
<Details plainTxt="False" ><![CDATA[<CENTER><STRONG><FONT COLOR=#009A63>Step completed successfully</FONT></STRONG></CENTER>]]></Details>
<Time><![CDATA[01.11.2023 - 17:08:46]]></Time>
<TimeTick>1698847726</TimeTick>
<NodeArgs eType="General" icon="8" nRep="101" status="Passed" >
<Disp><![CDATA[Custom Request: SignOff Button]]></Disp>
<BtmPane vType="HTMLSNSH" >
<Path><![CDATA[\Iteration2\t16.inf]]></Path>
</BtmPane>
</NodeArgs>
</Step>
<Step rID="T96">
<Obj plainTxt="False" ><![CDATA[Custom Request: nav.pl_5]]></Obj>
<Details plainTxt="False" ><![CDATA[<CENTER><STRONG><FONT COLOR=#009A63>Step completed successfully</FONT></STRONG></CENTER>]]></Details>
<Time><![CDATA[01.11.2023 - 17:08:46]]></Time>
<TimeTick>1698847726</TimeTick>
<NodeArgs eType="General" icon="8" nRep="102" status="Passed" >
<Disp><![CDATA[Custom Request: nav.pl_5]]></Disp>
<BtmPane vType="HTMLSNSH" >
<Path><![CDATA[\Iteration2\t17.inf]]></Path>
</BtmPane>
</NodeArgs>
</Step>
<Summary sTime="01.11.2023 - 17:08:44" eTime="01.11.2023 - 17:08:47" passed="16" failed="0" warnings="0" ></Summary>
<NodeArgs eType="StartAction" icon="2" nRep="57" status="Passed" >
<Disp><![CDATA[Action Summary]]></Disp>
</NodeArgs>
</Action>
<NodeArgs eType="StartIteration" icon="3" nRep="56" status="Passed" >
<Disp><![CDATA[UC_2 Iteration 2 (Row 2)]]></Disp>
</NodeArgs>
</DIter>
<Action rID="T97">
<AName><![CDATA[vuser_end]]></AName>
<Summary sTime="01.11.2023 - 17:08:47" eTime="01.11.2023 - 17:08:47" passed="0" failed="0" warnings="0" ></Summary>
<NodeArgs eType="StartAction" icon="2" nRep="105" >
<Disp><![CDATA[vuser_end Summary]]></Disp>
</NodeArgs>
</Action>
<Summary sTime="01.11.2023 - 17:08:30" eTime="01.11.2023 - 17:08:47" passed="32" failed="0" warnings="0" ></Summary>
<NodeArgs eType="StartTest" icon="1" nRep="4" status="Passed" >
<Disp><![CDATA[Test UC_2 Summary]]></Disp>
</NodeArgs>
</Doc>
</Report>