[
    {
        "actionName": "Action",
        "steps": [
            {
                "stepId": "STEP17",
                "stepName": "Custom Request: welcome.pl",
                "infFile": "t1.inf",
                "time": 1698847724324
            },
            {
                "stepId": "STEP18",
                "stepName": "Custom Request: nav.pl",
                "infFile": "t2.inf",
                "time": 1698847724470
            },
            {
                "stepId": "STEP19",
                "stepName": "Custom Request: WebTours",
                "infFile": "t3.inf",
                "time": 1698847724611
            },
            {
                "stepId": "STEP20",
                "stepName": "Custom Request: welcome.pl_2",
                "infFile": "t4.inf",
                "time": 1698847724741
            },
            {
                "stepId": "STEP21",
                "stepName": "Custom Request: nav.pl_2",
                "infFile": "t6.inf",
                "time": 1698847724884
            },
            {
                "stepId": "STEP22",
                "stepName": "Custom Request: login.pl",
                "infFile": "t7.inf",
                "time": 1698847725085
            },
            {
                "stepId": "STEP23",
                "stepName": "Custom Request: login.pl_2",
                "infFile": "t8.inf",
                "time": 1698847725270
            },
            {
                "stepId": "STEP24",
                "stepName": "Custom Request: nav.pl_3",
                "infFile": "t9.inf",
                "time": 1698847725435
            },
            {
                "stepId": "STEP25",
                "stepName": "Custom Request: Search Flights Button",
                "infFile": "t10.inf",
                "time": 1698847725627
            },
            {
                "stepId": "STEP26",
                "stepName": "Custom Request: nav.pl_4",
                "infFile": "t11.inf",
                "time": 1698847725752
            },
            {
                "stepId": "STEP27",
                "stepName": "Custom Request: reservations.pl",
                "infFile": "t12.inf",
                "time": 1698847725985
            },
            {
                "stepId": "STEP28",
                "stepName": "Custom Request: reservations.pl_2",
                "infFile": "t13.inf",
                "time": 1698847726255
            },
            {
                "stepId": "STEP29",
                "stepName": "Custom Request: reservations.pl_3",
                "infFile": "t14.inf",
                "time": 1698847726465
            },
            {
                "stepId": "STEP30",
                "stepName": "Custom Request: reservations.pl_4",
                "infFile": "t15.inf",
                "time": 1698847726670
            },
            {
                "stepId": "STEP31",
                "stepName": "Custom Request: SignOff Button",
                "infFile": "t16.inf",
                "time": 1698847726884
            },
            {
                "stepId": "STEP32",
                "stepName": "Custom Request: nav.pl_5",
                "infFile": "t17.inf",
                "time": 1698847726987
            }
        ],
        "transactions": [
            {
                "transactionName": "Home",
                "rawStartTime": 1698847724473,
                "rawEndTime": 1698847724887,
                "thinkTime": 0.0,
                "wastedTime": 0.03723716735839844
            },
            {
                "transactionName": "Login",
                "rawStartTime": 1698847724903,
                "rawEndTime": 1698847725443,
                "thinkTime": 0.0,
                "wastedTime": 0.039880990982055667
            },
            {
                "transactionName": "Flights",
                "rawStartTime": 1698847725475,
                "rawEndTime": 1698847726002,
                "thinkTime": 0.0,
                "wastedTime": 0.03351640701293945
            },
            {
                "transactionName": "FindFlights",
                "rawStartTime": 1698847726017,
                "rawEndTime": 1698847726269,
                "thinkTime": 0.0,
                "wastedTime": 0.010502099990844727
            },
            {
                "transactionName": "TimeTicket",
                "rawStartTime": 1698847726301,
                "rawEndTime": 1698847726477,
                "thinkTime": 0.0,
                "wastedTime": 0.020468711853027345
            },
            {
                "transactionName": "InfoPass",
                "rawStartTime": 1698847726509,
                "rawEndTime": 1698847726685,
                "thinkTime": 0.0,
                "wastedTime": 0.017557382583618165
            },
            {
                "transactionName": "Exit",
                "rawStartTime": 1698847726701,
                "rawEndTime": 1698847727001,
                "thinkTime": 0.0,
                "wastedTime": 0.03336930274963379
            }
        ]
    }
]