[
    {
        "actionName": "Action",
        "steps": [
            {
                "stepId": "STEP1",
                "stepName": "Custom Request: welcome.pl",
                "infFile": "t1.inf",
                "time": 1699443577863
            },
            {
                "stepId": "STEP2",
                "stepName": "Custom Request: nav.pl",
                "infFile": "t3.inf",
                "time": 1699443577961
            },
            {
                "stepId": "STEP3",
                "stepName": "Custom Request: login.pl",
                "infFile": "t4.inf",
                "time": 1699443578146
            },
            {
                "stepId": "STEP4",
                "stepName": "Custom Request: login.pl_2",
                "infFile": "t5.inf",
                "time": 1699443578264
            },
            {
                "stepId": "STEP5",
                "stepName": "Custom Request: nav.pl_2",
                "infFile": "t6.inf",
                "time": 1699443578375
            },
            {
                "stepId": "STEP6",
                "stepName": "Custom Request: Search Flights Button",
                "infFile": "t7.inf",
                "time": 1699443578532
            },
            {
                "stepId": "STEP7",
                "stepName": "Custom Request: reservations.pl",
                "infFile": "t8.inf",
                "time": 1699443578665
            },
            {
                "stepId": "STEP8",
                "stepName": "Custom Request: nav.pl_3",
                "infFile": "t9.inf",
                "time": 1699443578770
            },
            {
                "stepId": "STEP9",
                "stepName": "Custom Request: reservations.pl_2",
                "infFile": "t10.inf",
                "time": 1699443578968
            },
            {
                "stepId": "STEP10",
                "stepName": "Custom Request: reservations.pl_3",
                "infFile": "t12.inf",
                "time": 1699443579137
            },
            {
                "stepId": "STEP11",
                "stepName": "Custom Request: reservations.pl_4",
                "infFile": "t13.inf",
                "time": 1699443579297
            },
            {
                "stepId": "STEP12",
                "stepName": "Custom Request: reservations.pl_5",
                "infFile": "t14.inf",
                "time": 1699443579634
            },
            {
                "stepId": "STEP13",
                "stepName": "Custom Request: SignOff Button",
                "infFile": "t15.inf",
                "time": 1699443579793
            },
            {
                "stepId": "STEP14",
                "stepName": "Custom Request: nav.pl_4",
                "infFile": "t16.inf",
                "time": 1699443579910
            }
        ],
        "transactions": [
            {
                "transactionName": "Home",
                "rawStartTime": 1699443577505,
                "rawEndTime": 1699443577966,
                "thinkTime": 0.0,
                "wastedTime": 0.13025355339050294
            },
            {
                "transactionName": "Login",
                "rawStartTime": 1699443577982,
                "rawEndTime": 1699443578380,
                "thinkTime": 0.0,
                "wastedTime": 0.016594409942626954
            },
            {
                "transactionName": "SearchTicket",
                "rawStartTime": 1699443578413,
                "rawEndTime": 1699443578777,
                "thinkTime": 0.0,
                "wastedTime": 0.016892194747924806
            },
            {
                "transactionName": "Info",
                "rawStartTime": 1699443578793,
                "rawEndTime": 1699443578969,
                "thinkTime": 0.0,
                "wastedTime": 0.00574803352355957
            },
            {
                "transactionName": "Time",
                "rawStartTime": 1699443579017,
                "rawEndTime": 1699443579144,
                "thinkTime": 0.0,
                "wastedTime": 0.005671977996826172
            },
            {
                "transactionName": "Pay",
                "rawStartTime": 1699443579176,
                "rawEndTime": 1699443579400,
                "thinkTime": 0.0,
                "wastedTime": 0.011713266372680664
            },
            {
                "transactionName": "Book",
                "rawStartTime": 1699443579416,
                "rawEndTime": 1699443579639,
                "thinkTime": 0.0,
                "wastedTime": 0.005836009979248047
            },
            {
                "transactionName": "Exit",
                "rawStartTime": 1699443579671,
                "rawEndTime": 1699443579911,
                "thinkTime": 0.0,
                "wastedTime": 0.011383056640625
            }
        ]
    }
]